1,TiDB,46,2021-01-06 00:09:18,2021-02-07 18:54:34,NULL,224
2,微服务,50,2021-01-06 00:09:23,2021-02-10 17:54:24,NULL,58
3,每日新闻,18,2021-01-06 00:09:28,2021-02-19 10:16:18,NULL,1690
4,分享,52,2021-01-06 00:09:33,2021-02-10 22:54:24,NULL,100
5,Docker,12,2021-01-06 00:09:53,2021-01-20 14:54:16,NULL,211
6,Java,20,2021-01-06 00:09:58,2021-02-19 15:18:35,NULL,41
7,闲聊,53,2021-01-06 00:10:03,2021-01-25 18:51:44,NULL,21
8,原创分享,3,2021-01-06 00:10:13,2021-02-12 09:54:24,NULL,320
9,招聘,25,2021-01-06 00:10:18,2021-02-19 18:45:21,NULL,506
10,开源推荐,2,2021-01-06 00:10:23,2021-02-03 22:48:31,NULL,168
11,资料分享,9,2021-01-06 00:10:28,2021-01-09 04:23:38,NULL,46
12,GoFrame,14,2021-01-06 00:11:24,2021-02-07 19:24:18,NULL,17
13,Go问答,1,2021-01-06 00:11:29,2021-02-07 17:24:44,NULL,2965
14,Kubernetes,11,2021-01-06 00:12:24,2021-02-19 14:18:35,NULL,99
15,Nightingale,58,2021-01-06 00:13:55,2021-02-07 17:24:13,NULL,4
16,Meetup,28,2021-01-06 00:15:00,2021-01-09 07:11:22,NULL,24
17,开发工具,4,2021-01-06 00:15:51,2021-01-23 16:51:39,NULL,20
18,译文,39,2021-01-06 00:16:41,2021-02-19 17:45:21,NULL,32
19,线上活动,40,2021-01-06 00:16:46,2021-01-09 08:50:15,NULL,18
20,Gin,13,2021-01-06 00:24:14,2021-02-07 18:54:39,NULL,16
21,GopherChina,27,2021-01-06 00:25:30,2021-01-09 08:59:49,NULL,21
22,区块链,10,2021-01-06 00:25:55,2021-02-07 20:24:28,NULL,3
23,云原生,55,2021-01-06 00:40:01,2021-02-19 14:48:35,NULL,36
24,Beego,15,2021-01-06 00:41:41,2021-02-07 20:24:43,NULL,233
25,代码分享,8,2021-01-06 00:42:47,2021-02-07 17:24:33,NULL,24
26,GORM,44,2021-01-06 00:45:43,2021-01-09 08:44:52,NULL,18
27,求职,16,2021-01-06 00:46:28,2021-02-07 17:24:23,NULL,5
28,dubbogo,57,2021-01-06 00:50:05,2021-02-07 19:24:08,NULL,10
29,GoChassis,59,2021-01-06 00:56:02,2021-02-07 18:54:18,NULL,4
30,反馈,24,2021-01-08 23:50:59,2021-01-09 02:10:51,NULL,7
31,TarsGo,51,2021-01-09 00:41:01,2021-02-07 18:54:13,NULL,4
32,Python,19,2021-01-09 00:53:31,2021-01-09 01:21:58,NULL,9
33,Go夜读,48,2021-01-09 01:02:24,2021-01-09 06:33:40,NULL,90
34,Mr.Go会客厅,56,2021-01-09 01:05:01,2021-01-09 01:12:39,NULL,2
35,Node.js,22,2021-01-09 01:15:10,2021-01-09 01:15:10,NULL,1
36,Coding,6,2021-01-09 01:27:01,2021-01-09 01:27:01,NULL,1
37,Prometheus,32,2021-01-09 01:27:06,2021-01-09 03:35:36,NULL,4
38,gRPC,34,2021-01-09 01:27:21,2021-02-07 20:24:08,NULL,2
39,书籍,54,2021-01-09 01:27:41,2021-02-05 15:41:19,NULL,3
40,Gitea,45,2021-01-09 01:34:49,2021-02-07 18:54:23,NULL,16
41,NoPoint,26,2021-01-09 01:48:10,2021-01-09 01:48:10,NULL,1
42,LiteIDE,47,2021-01-09 01:48:20,2021-02-07 17:24:08,NULL,16
43,算法,5,2021-01-09 01:52:01,2021-01-09 02:04:52,NULL,3
44,公告,23,2021-01-09 02:07:23,2021-01-09 02:22:57,NULL,2
45,Hackathon,29,2021-01-09 02:15:03,2021-01-09 07:17:09,NULL,4
46,Jaeger,33,2021-02-07 20:24:33,2021-02-07 20:24:33,NULL,1
47,Opentracing,35,2021-02-07 20:24:38,2021-02-07 20:24:53,NULL,2
48,GoProxy,49,2021-02-07 20:24:48,2021-02-07 20:24:48,NULL,1
